﻿<?xml version="1.0" encoding="utf-8" standalone="yes"?>
<library>
  <book>
    <book_id>CSP01001</book_id>
    <book_title>C#程式設計</book_title>
    <book_price>550</book_price>
  </book>
  <book>
    <book_id>CSP01003</book_id>
    <book_title>C#程式設計實習</book_title>
    <book_price>650</book_price>
  </book>
  <book>
    <book_id>CSP01005</book_id>
    <book_title>C#網頁開發</book_title>
    <book_price>780</book_price>
  </book>
  <book>
    <book_id>CSP01007</book_id>
    <book_title>C#程式入門</book_title>
    <book_price>330</book_price>
  </book>
  <book>
    <book_id>XML01001</book_id>
    <book_title>XML網頁實作</book_title>
    <book_price>700</book_price>
  </book>
  <book>
    <book_id>XML01005</book_id>
    <book_title>XML網頁實作設計</book_title>
    <book_price>600</book_price>
  </book>
  <book>
    <book_id>XML01022</book_id>
    <book_title>XML觀念解析</book_title>
    <book_price>550</book_price>
  </book>

  <book>
    <book_id>ASP02012</book_id>
    <book_title>ASP.NET程式設計經典</book_title>
    <book_price>490</book_price>
  </book>
 <book>
    <book_id>ASP02014</book_id>
    <book_title>ASP.NET網頁開發</book_title>
    <book_price>490</book_price>
  </book>
  <book>
    <book_id>AND05001</book_id>
    <book_title>Android程式開發大全</book_title>
    <book_price>900</book_price>
  </book>
  <book>
    <book_id>AND05002</book_id>
    <book_title>Android程式設計基礎</book_title>
    <book_price>540</book_price>
  </book>
  <book>
    <book_id>AND05008</book_id>
    <book_title>Android APP程式開發剖析</book_title>
    <book_price>512</book_price>
  </book>
</library>